<annotation>
	<folder>counter</folder>
	<filename>120201015_154903_resize.jpg</filename>
	<path>C:\Users\Khoi Tran\Desktop\hk1-Năm 3\Các vấn đề NC&amp;UD trong CS\dataset_for_object_detection\data\VOC2007\counter\120201015_154903_resize.jpg</path>
	<source>
		<database>Unknown</database>
	</source>
	<size>
		<width>346</width>
		<height>55</height>
		<depth>3</depth>
	</size>
	<segmented>0</segmented>
	<object>
		<name>0</name>
		<pose>Unspecified</pose>
		<truncated>1</truncated>
		<difficult>0</difficult>
		<bndbox>
			<xmin>71</xmin>
			<ymin>1</ymin>
			<xmax>102</xmax>
			<ymax>55</ymax>
		</bndbox>
	</object>
	<object>
		<name>8</name>
		<pose>Unspecified</pose>
		<truncated>1</truncated>
		<difficult>0</difficult>
		<bndbox>
			<xmin>102</xmin>
			<ymin>1</ymin>
			<xmax>132</xmax>
			<ymax>55</ymax>
		</bndbox>
	</object>
	<object>
		<name>5</name>
		<pose>Unspecified</pose>
		<truncated>1</truncated>
		<difficult>0</difficult>
		<bndbox>
			<xmin>130</xmin>
			<ymin>1</ymin>
			<xmax>161</xmax>
			<ymax>55</ymax>
		</bndbox>
	</object>
	<object>
		<name>1</name>
		<pose>Unspecified</pose>
		<truncated>1</truncated>
		<difficult>0</difficult>
		<bndbox>
			<xmin>157</xmin>
			<ymin>1</ymin>
			<xmax>185</xmax>
			<ymax>55</ymax>
		</bndbox>
	</object>
	<object>
		<name>7</name>
		<pose>Unspecified</pose>
		<truncated>1</truncated>
		<difficult>0</difficult>
		<bndbox>
			<xmin>183</xmin>
			<ymin>1</ymin>
			<xmax>214</xmax>
			<ymax>55</ymax>
		</bndbox>
	</object>
	<object>
		<name>7</name>
		<pose>Unspecified</pose>
		<truncated>1</truncated>
		<difficult>0</difficult>
		<bndbox>
			<xmin>214</xmin>
			<ymin>1</ymin>
			<xmax>253</xmax>
			<ymax>55</ymax>
		</bndbox>
	</object>
</annotation>
