<annotation>
	<folder>counter</folder>
	<filename>1IMG_2180_resize.jpg</filename>
	<path>C:\Users\Khoi Tran\Desktop\hk1-Năm 3\Các vấn đề NC&amp;UD trong CS\dataset_for_object_detection\data\VOC2007\counter\1IMG_2180_resize.jpg</path>
	<source>
		<database>Unknown</database>
	</source>
	<size>
		<width>328</width>
		<height>43</height>
		<depth>3</depth>
	</size>
	<segmented>0</segmented>
	<object>
		<name>0</name>
		<pose>Unspecified</pose>
		<truncated>1</truncated>
		<difficult>0</difficult>
		<bndbox>
			<xmin>78</xmin>
			<ymin>1</ymin>
			<xmax>107</xmax>
			<ymax>43</ymax>
		</bndbox>
	</object>
	<object>
		<name>9</name>
		<pose>Unspecified</pose>
		<truncated>1</truncated>
		<difficult>0</difficult>
		<bndbox>
			<xmin>108</xmin>
			<ymin>1</ymin>
			<xmax>135</xmax>
			<ymax>43</ymax>
		</bndbox>
	</object>
	<object>
		<name>0</name>
		<pose>Unspecified</pose>
		<truncated>1</truncated>
		<difficult>0</difficult>
		<bndbox>
			<xmin>134</xmin>
			<ymin>1</ymin>
			<xmax>161</xmax>
			<ymax>43</ymax>
		</bndbox>
	</object>
	<object>
		<name>1</name>
		<pose>Unspecified</pose>
		<truncated>1</truncated>
		<difficult>0</difficult>
		<bndbox>
			<xmin>159</xmin>
			<ymin>1</ymin>
			<xmax>187</xmax>
			<ymax>43</ymax>
		</bndbox>
	</object>
	<object>
		<name>9</name>
		<pose>Unspecified</pose>
		<truncated>1</truncated>
		<difficult>0</difficult>
		<bndbox>
			<xmin>184</xmin>
			<ymin>1</ymin>
			<xmax>213</xmax>
			<ymax>43</ymax>
		</bndbox>
	</object>
	<object>
		<name>2</name>
		<pose>Unspecified</pose>
		<truncated>1</truncated>
		<difficult>0</difficult>
		<bndbox>
			<xmin>213</xmin>
			<ymin>1</ymin>
			<xmax>246</xmax>
			<ymax>43</ymax>
		</bndbox>
	</object>
</annotation>
